date,apple,DJI,google,rate,gdp_growth
2015-12-31,98.3625717163086,17425.029296875,758.8800048828125,0.24,2.452
2016-01-04,98.4466552734375,17148.939453125,741.8400268554688,0.34,2.881
2016-01-05,95.97967529296875,17158.66015625,742.5800170898438,0.34,2.881
2016-01-06,94.10138702392578,16906.509765625,743.6199951171875,0.34,2.881
2016-01-07,90.12986755371094,16514.099609375,726.3900146484375,0.34,2.881
2016-01-08,90.60643768310547,16346.4501953125,714.469970703125,0.34,2.881
2016-01-11,92.07356262207031,16398.5703125,716.030029296875,0.34,2.881
2016-01-12,93.40987396240234,16516.220703125,726.0700073242188,0.34,2.881
2016-01-13,91.00827026367188,16151.41015625,700.5599975585938,0.34,2.881
2016-01-14,92.99869537353516,16379.0498046875,714.719970703125,0.34,2.881
2016-01-15,90.76530456542969,15988.080078125,694.4500122070312,0.34,2.881
2016-01-19,90.32610321044922,16016.01953125,701.7899780273438,0.34,2.881
2016-01-20,90.44757843017578,15766.740234375,698.4500122070312,0.34,2.881
2016-01-21,89.98970031738281,15882.6796875,706.5900268554688,0.34,2.881
2016-01-22,94.77420043945312,16093.509765625,725.25,0.34,2.881
2016-01-25,92.92395782470703,15885.2197265625,711.6699829101562,0.34,2.881
2016-01-26,93.4378890991211,16167.23046875,713.0399780273438,0.34,2.881
2016-01-27,87.29841613769531,15944.4599609375,699.989990234375,0.34,2.881
2016-01-28,87.92449951171875,16069.6396484375,730.9600219726562,0.34,2.881
2016-01-29,90.96153259277344,16466.30078125,742.9500122070312,0.34,2.881
2016-02-01,90.11116790771484,16449.1796875,752.0,0.38,2.881
2016-02-02,88.2889633178711,16153.5400390625,764.6500244140625,0.38,2.881
2016-02-03,90.03642272949219,16336.66015625,726.9500122070312,0.38,2.881
2016-02-04,90.7598648071289,16416.580078125,708.010009765625,0.38,2.881
2016-02-05,88.3358383178711,16204.9697265625,683.5700073242188,0.38,2.881
2016-02-08,89.2660140991211,16027.0498046875,682.739990234375,0.38,2.881
2016-02-09,89.24722290039062,16014.3798828125,678.1099853515625,0.38,2.881
2016-02-10,88.57073211669922,15914.740234375,684.1199951171875,0.38,2.881
2016-02-11,88.0351791381836,15660.1796875,683.1099853515625,0.38,2.881
2016-02-12,88.30765533447266,15973.83984375,682.4000244140625,0.38,2.881
2016-02-16,90.79743957519531,16196.41015625,691.0,0.38,2.881
2016-02-17,92.1879653930664,16453.830078125,708.4000244140625,0.38,2.881
2016-02-18,90.4404296875,16413.4296875,697.3499755859375,0.38,2.881
2016-02-19,90.23371887207031,16391.990234375,700.9099731445312,0.38,2.881
2016-02-22,91.02293395996094,16620.66015625,706.4600219726562,0.38,2.881
2016-02-23,88.96532440185547,16431.779296875,695.8499755859375,0.38,2.881
2016-02-24,90.29008483886719,16484.990234375,699.5599975585938,0.38,2.881
2016-02-25,90.91020202636719,16697.2890625,705.75,0.38,2.881
2016-02-26,91.05113220214844,16639.970703125,705.0700073242188,0.38,2.881
2016-02-29,90.84444427490234,16516.5,697.77001953125,0.38,2.881
2016-03-01,94.4522705078125,16865.080078125,718.8099975585938,0.36,2.881
2016-03-02,94.65897369384766,16899.3203125,718.8499755859375,0.36,2.881
2016-03-03,95.36363983154297,16943.900390625,712.4199829101562,0.36,2.881
2016-03-04,96.78234100341797,17006.76953125,710.8900146484375,0.36,2.881
2016-03-07,95.71125793457031,17073.94921875,695.1599731445312,0.36,2.881
2016-03-08,94.92205047607422,16964.099609375,693.969970703125,0.36,2.881
2016-03-09,95.0066146850586,17000.359375,705.239990234375,0.36,2.881
2016-03-10,95.0535888671875,16995.130859375,712.8200073242188,0.36,2.881
2016-03-11,96.07766723632812,17213.310546875,726.8200073242188,0.36,2.881
2016-03-14,96.32196044921875,17229.130859375,730.489990234375,0.36,2.881
2016-03-15,98.25743103027344,17251.529296875,728.3300170898438,0.36,2.881
2016-03-16,99.56339263916016,17325.759765625,736.0900268554688,0.36,2.881
2016-03-17,99.40367126464844,17481.490234375,737.780029296875,0.36,2.881
2016-03-18,99.51640319824219,17602.30078125,737.5999755859375,0.36,2.881
2016-03-21,99.50701904296875,17623.869140625,742.0900268554688,0.36,2.881
2016-03-22,100.26805114746094,17582.5703125,740.75,0.36,2.881
2016-03-23,99.71369171142578,17502.58984375,738.0599975585938,0.36,2.881
2016-03-24,99.28153228759766,17515.73046875,735.2999877929688,0.36,2.881
2016-03-28,98.8305435180664,17535.390625,733.530029296875,0.36,2.881
2016-03-29,101.17000579833984,17633.109375,744.77001953125,0.36,2.881
2016-03-30,102.93635559082031,17716.66015625,750.530029296875,0.36,2.881
2016-03-31,102.40079498291016,17685.08984375,744.9500122070312,0.36,2.881
2016-04-01,103.34034729003906,17792.75,749.9099731445312,0.37,2.881
2016-04-04,104.40203094482422,17737.0,745.2899780273438,0.37,2.881
2016-04-05,103.17124938964844,17603.3203125,737.7999877929688,0.37,2.881
2016-04-06,104.25170135498047,17716.05078125,745.6900024414062,0.37,2.881
2016-04-07,101.9780044555664,17541.9609375,740.280029296875,0.37,2.881
2016-04-08,102.09075164794922,17576.9609375,739.1500244140625,0.37,2.881
2016-04-11,102.42898559570312,17556.41015625,736.0999755859375,0.37,2.881
2016-04-12,103.76313781738281,17721.25,743.0900268554688,0.37,2.881
2016-04-13,105.26641845703125,17908.279296875,751.719970703125,0.37,2.881
2016-04-14,105.32279205322266,17926.4296875,753.2000122070312,0.37,2.881
2016-04-15,103.20881652832031,17897.4609375,759.0,0.37,2.881
2016-04-18,100.98210906982422,18004.16015625,766.6099853515625,0.37,2.881
2016-04-19,100.4465560913086,18053.599609375,753.9299926757812,0.37,2.881
2016-04-20,100.65325164794922,18096.26953125,752.6699829101562,0.37,2.881
2016-04-21,99.56339263916016,17982.51953125,759.1400146484375,0.37,2.881
2016-04-22,99.2909164428711,18003.75,718.77001953125,0.37,2.881
2016-04-25,98.7271957397461,17977.240234375,723.1500244140625,0.37,2.881
2016-04-26,98.04133605957031,17990.3203125,708.1400146484375,0.37,2.881
2016-04-27,91.90611267089844,18041.55078125,705.8400268554688,0.37,2.881
2016-04-28,89.09687805175781,17830.759765625,691.02001953125,0.37,2.881
2016-04-29,88.07276153564453,17773.640625,693.010009765625,0.37,2.881
2016-05-02,87.97880554199219,17891.16015625,698.2100219726562,0.37,2.881
2016-05-03,89.42570495605469,17750.91015625,692.3599853515625,0.37,2.881
2016-05-04,88.49556732177734,17651.259765625,695.7000122070312,0.37,2.881
2016-05-05,88.13636779785156,17660.7109375,701.4299926757812,0.37,2.881
2016-05-06,87.64485168457031,17740.630859375,711.1199951171875,0.37,2.881
2016-05-09,87.71100616455078,17705.91015625,712.9000244140625,0.37,2.881
2016-05-10,88.30651092529297,17928.349609375,723.1799926757812,0.37,2.881
2016-05-11,87.44632720947266,17711.119140625,715.2899780273438,0.37,2.881
2016-05-12,85.39509582519531,17720.5,713.3099975585938,0.37,2.881
2016-05-13,85.56523895263672,17535.3203125,710.8300170898438,0.37,2.881
2016-05-16,88.74134063720703,17710.7109375,716.489990234375,0.37,2.881
2016-05-17,88.37268829345703,17529.98046875,706.22998046875,0.37,2.881
2016-05-18,89.38410949707031,17526.619140625,706.6300048828125,0.37,2.881
2016-05-19,89.04381561279297,17435.400390625,700.3200073242188,0.37,2.881
2016-05-20,90.00799560546875,17500.939453125,709.739990234375,0.37,2.881
2016-05-23,91.15176391601562,17492.9296875,704.239990234375,0.37,2.881
2016-05-24,92.54129791259766,17706.05078125,720.0900268554688,0.37,2.881
2016-05-25,94.16714477539062,17851.509765625,725.27001953125,0.37,2.881
2016-05-26,94.91390991210938,17828.2890625,724.1199951171875,0.37,2.881
2016-05-27,94.85718536376953,17873.220703125,732.6599731445312,0.37,2.881
2016-05-31,94.3940200805664,17787.19921875,735.719970703125,0.37,2.881
2016-06-01,93.07063293457031,17789.669921875,734.1500244140625,0.38,2.881
2016-06-02,92.37115478515625,17838.560546875,730.4000244140625,0.38,2.881
2016-06-03,92.56019592285156,17807.060546875,722.3400268554688,0.38,2.881
2016-06-06,93.23133087158203,17920.330078125,716.5499877929688,0.38,2.881
2016-06-07,93.60944366455078,17938.279296875,716.6500244140625,0.38,2.881
2016-06-08,93.52436828613281,18005.05078125,728.280029296875,0.38,2.881
2016-06-09,94.19551086425781,17985.189453125,728.5800170898438,0.38,2.881
2016-06-10,93.42040252685547,17865.33984375,719.4099731445312,0.38,2.881
2016-06-13,92.0119400024414,17732.48046875,718.3599853515625,0.38,2.881
2016-06-14,92.1253890991211,17674.8203125,718.27001953125,0.38,2.881
2016-06-15,91.8228988647461,17640.169921875,718.9199829101562,0.38,2.881
2016-06-16,92.21046447753906,17733.099609375,710.3599853515625,0.38,2.881
2016-06-17,90.11197662353516,17675.16015625,691.719970703125,0.38,2.881
2016-06-20,89.89456176757812,17804.869140625,693.7100219726562,0.38,2.881
2016-06-21,90.66021728515625,17829.73046875,695.9400024414062,0.38,2.881
2016-06-22,90.3199234008789,17780.830078125,697.4600219726562,0.38,2.881
2016-06-23,90.83982849121094,18011.0703125,701.8699951171875,0.38,2.881
2016-06-24,88.2876205444336,17400.75,675.219970703125,0.38,2.881
2016-06-27,87.0020523071289,17140.240234375,668.260009765625,0.38,2.881
2016-06-28,88.46720886230469,17409.720703125,680.0399780273438,0.38,2.881
2016-06-29,89.23286437988281,17694.6796875,684.1099853515625,0.38,2.881
2016-06-30,90.36719512939453,17929.990234375,692.0999755859375,0.38,2.881
2016-07-01,90.64131927490234,17949.369140625,699.2100219726562,0.39,2.881
2016-07-05,89.79057312011719,17840.619140625,694.9500122070312,0.39,2.881
2016-07-06,90.30101776123047,17918.619140625,697.77001953125,0.39,2.881
2016-07-07,90.68858337402344,17895.880859375,695.3599853515625,0.39,2.881
2016-07-08,91.3880844116211,18146.740234375,705.6300048828125,0.39,2.881
2016-07-11,91.6716537475586,18226.9296875,715.0900268554688,0.39,2.881
2016-07-12,92.08757781982422,18347.669921875,720.6400146484375,0.39,2.881
2016-07-13,91.56768035888672,18372.119140625,716.97998046875,0.39,2.881
2016-07-14,93.38257598876953,18506.41015625,720.9500122070312,0.39,2.881
2016-07-15,93.37313842773438,18516.55078125,719.8499755859375,0.39,2.881
2016-07-18,94.36565399169922,18533.05078125,733.780029296875,0.39,2.881
2016-07-19,94.40347290039062,18559.009765625,736.9600219726562,0.39,2.881
2016-07-20,94.48855590820312,18595.029296875,741.1900024414062,0.39,2.881
2016-07-21,93.98755645751953,18517.23046875,738.6300048828125,0.39,2.881
2016-07-22,93.25970458984375,18570.849609375,742.739990234375,0.39,2.881
2016-07-25,92.0119400024414,18493.060546875,739.77001953125,0.39,2.881
2016-07-26,91.37862396240234,18473.75,738.4199829101562,0.39,2.881
2016-07-27,97.31486511230469,18472.169921875,741.77001953125,0.39,2.881
2016-07-28,98.62876892089844,18456.349609375,745.9099731445312,0.39,2.881
2016-07-29,98.50592041015625,18432.240234375,768.7899780273438,0.39,2.881
2016-08-01,100.24519348144531,18404.509765625,772.8800048828125,0.4,2.881
2016-08-02,98.76113891601562,18313.76953125,771.0700073242188,0.4,2.881
2016-08-03,99.99942779541016,18355.0,773.1799926757812,0.4,2.881
2016-08-04,100.6171875,18352.05078125,771.6099853515625,0.4,2.881
2016-08-05,102.14730072021484,18543.529296875,782.219970703125,0.4,2.881
2016-08-08,102.99313354492188,18529.2890625,781.760009765625,0.4,2.881
2016-08-09,103.41129302978516,18533.05078125,784.260009765625,0.4,2.881
2016-08-10,102.64149475097656,18495.66015625,784.6799926757812,0.4,2.881
2016-08-11,102.57495880126953,18613.51953125,784.8499755859375,0.4,2.881
2016-08-12,102.81255340576172,18576.470703125,783.219970703125,0.4,2.881
2016-08-15,104.0480728149414,18636.05078125,782.4400024414062,0.4,2.881
2016-08-16,103.9530258178711,18552.01953125,777.1400146484375,0.4,2.881
2016-08-17,103.80094909667969,18573.939453125,779.9099731445312,0.4,2.881
2016-08-18,103.66790771484375,18597.69921875,777.5,0.4,2.881
2016-08-19,103.93401336669922,18552.5703125,775.4199829101562,0.4,2.881
2016-08-22,103.1261978149414,18529.419921875,772.1500244140625,0.4,2.881
2016-08-23,103.4493179321289,18547.30078125,772.0800170898438,0.4,2.881
2016-08-24,102.67000579833984,18481.48046875,769.6400146484375,0.4,2.881
2016-08-25,102.23284149169922,18448.41015625,769.4099731445312,0.4,2.881
2016-08-26,101.63407897949219,18395.400390625,769.5399780273438,0.4,2.881
2016-08-29,101.52003479003906,18502.990234375,772.1500244140625,0.4,2.881
2016-08-30,100.74073791503906,18454.30078125,769.0900268554688,0.4,2.881
2016-08-31,100.83576202392578,18400.880859375,767.0499877929688,0.4,2.881
2016-09-01,101.43450927734375,18419.30078125,768.780029296875,0.4,2.881
2016-09-02,102.38489532470703,18491.9609375,771.4600219726562,0.4,2.881
2016-09-06,102.35636901855469,18538.119140625,780.0800170898438,0.4,2.881
2016-09-07,102.98362731933594,18526.140625,780.3499755859375,0.4,2.881
2016-09-08,100.28453063964844,18479.91015625,775.3200073242188,0.4,2.881
2016-09-09,98.01311492919922,18085.44921875,759.6599731445312,0.4,2.881
2016-09-12,100.2085189819336,18325.0703125,769.02001953125,0.4,2.881
2016-09-13,102.59396362304688,18066.75,759.6900024414062,0.4,2.881
2016-09-14,106.22444915771484,18034.76953125,762.489990234375,0.4,2.881
2016-09-15,109.83589935302734,18212.48046875,771.760009765625,0.4,2.881
2016-09-16,109.21815490722656,18123.80078125,768.8800048828125,0.4,2.881
2016-09-19,107.94464111328125,18120.169921875,765.7000122070312,0.4,2.881
2016-09-20,107.93512725830078,18129.9609375,771.4099731445312,0.4,2.881
2016-09-21,107.9161148071289,18293.69921875,776.219970703125,0.4,2.881
2016-09-22,108.93304443359375,18392.4609375,787.2100219726562,0.4,2.881
2016-09-23,107.11780548095703,18261.44921875,786.9000244140625,0.4,2.881
2016-09-26,107.27936553955078,18094.830078125,774.2100219726562,0.4,2.881
2016-09-27,107.47894287109375,18228.30078125,783.010009765625,0.4,2.881
2016-09-28,108.29627990722656,18339.240234375,781.5599975585938,0.4,2.881
2016-09-29,106.6141128540039,18143.44921875,775.010009765625,0.4,2.881
2016-09-30,107.44093322753906,18308.150390625,777.2899780273438,0.4,2.881
2016-10-03,106.93721008300781,18253.849609375,772.5599975585938,0.4,2.881
2016-10-04,107.3934097290039,18168.44921875,776.4299926757812,0.4,2.881
2016-10-05,107.44093322753906,18281.029296875,776.469970703125,0.4,2.881
2016-10-06,108.23925018310547,18268.5,776.8599853515625,0.4,2.881
2016-10-07,108.40081787109375,18240.490234375,775.0800170898438,0.4,2.881
2016-10-10,110.29208374023438,18329.0390625,785.9400024414062,0.4,2.881
2016-10-11,110.52969360351562,18128.66015625,783.0700073242188,0.4,2.881
2016-10-12,111.51807403564453,18144.19921875,786.1400146484375,0.4,2.881
2016-10-13,111.17594146728516,18098.939453125,778.1900024414062,0.4,2.881
2016-10-14,111.79368591308594,18138.380859375,778.530029296875,0.4,2.881
2016-10-17,111.71765899658203,18086.400390625,779.9600219726562,0.4,2.881
2016-10-18,111.64163208007812,18161.939453125,795.260009765625,0.4,2.881
2016-10-19,111.30900573730469,18202.619140625,801.5,0.4,2.881
2016-10-20,111.25196838378906,18162.349609375,796.969970703125,0.4,2.881
2016-10-21,110.81480407714844,18145.7109375,799.3699951171875,0.4,2.881
2016-10-24,111.81271362304688,18223.029296875,813.1099853515625,0.4,2.881
2016-10-25,112.38291931152344,18169.26953125,807.6699829101562,0.4,2.881
2016-10-26,109.85490417480469,18199.330078125,799.0700073242188,0.4,2.881
2016-10-27,108.79998016357422,18169.6796875,795.3499755859375,0.4,2.881
2016-10-28,108.07769775390625,18161.189453125,795.3699951171875,0.4,2.881
2016-10-31,107.90660858154297,18142.419921875,784.5399780273438,0.4,2.881
2016-11-01,105.95832824707031,18037.099609375,783.6099853515625,0.41,2.881
2016-11-02,106.05335998535156,17959.640625,768.7000122070312,0.41,2.881
2016-11-03,104.9166259765625,17930.669921875,762.1300048828125,0.41,2.881
2016-11-04,103.97088623046875,17888.279296875,762.02001953125,0.41,2.881
2016-11-07,105.47066497802734,18259.599609375,782.52001953125,0.41,2.881
2016-11-08,106.09158325195312,18332.740234375,790.510009765625,0.41,2.881
2016-11-09,105.91963958740234,18589.689453125,785.3099975585938,0.41,2.881
2016-11-10,102.96788024902344,18807.880859375,762.5599975585938,0.41,2.881
2016-11-11,103.57925415039062,18847.66015625,754.02001953125,0.41,2.881
2016-11-14,100.98091888427734,18868.689453125,736.0800170898438,0.41,2.881
2016-11-15,102.31829071044922,18923.060546875,758.489990234375,0.41,2.881
2016-11-16,105.06945037841797,18868.140625,764.47998046875,0.41,2.881
2016-11-17,105.0312271118164,18903.8203125,771.22998046875,0.41,2.881
2016-11-18,105.13632202148438,18867.9296875,760.5399780273438,0.41,2.881
2016-11-21,106.73160552978516,18956.689453125,769.2000122070312,0.41,2.881
2016-11-22,106.79847717285156,19023.869140625,768.27001953125,0.41,2.881
2016-11-23,106.25397491455078,19083.1796875,760.989990234375,0.41,2.881
2016-11-25,106.78893280029297,19152.140625,761.6799926757812,0.41,2.881
2016-11-28,106.57876586914062,19097.900390625,768.239990234375,0.41,2.881
2016-11-29,106.47370147705078,19121.599609375,770.8400268554688,0.41,2.881
2016-11-30,105.57573699951172,19123.580078125,758.0399780273438,0.41,2.881
2016-12-01,104.59181213378906,19191.9296875,747.9199829101562,0.54,2.881
2016-12-02,104.98347473144531,19170.419921875,750.5,0.54,2.881
2016-12-05,104.22882080078125,19216.240234375,762.52001953125,0.54,2.881
2016-12-06,105.0312271118164,19251.779296875,759.1099853515625,0.54,2.881
2016-12-07,106.06292724609375,19549.619140625,771.1900024414062,0.54,2.881
2016-12-08,107.10417175292969,19614.810546875,776.4199829101562,0.54,2.881
2016-12-09,108.852294921875,19756.849609375,789.2899780273438,0.54,2.881
2016-12-12,108.23138427734375,19796.4296875,789.27001953125,0.54,2.881
2016-12-13,110.03682708740234,19911.2109375,796.0999755859375,0.54,2.881
2016-12-14,110.03682708740234,19792.529296875,797.0700073242188,0.54,2.881
2016-12-15,110.63862609863281,19852.240234375,797.8499755859375,0.54,2.881
2016-12-16,110.78192901611328,19843.41015625,790.7999877929688,0.54,2.881
2016-12-19,111.42194366455078,19883.060546875,794.2000122070312,0.54,2.881
2016-12-20,111.71808624267578,19974.619140625,796.4199829101562,0.54,2.881
2016-12-21,111.82317352294922,19941.9609375,794.5599975585938,0.54,2.881
2016-12-22,111.08760833740234,19918.880859375,791.260009765625,0.54,2.881
2016-12-23,111.30731964111328,19933.810546875,789.9099731445312,0.54,2.881
2016-12-27,112.01421356201172,19945.0390625,791.5499877929688,0.54,2.881
2016-12-28,111.5365982055664,19833.6796875,785.0499877929688,0.54,2.881
2016-12-29,111.50792694091797,19819.779296875,782.7899780273438,0.54,2.881
2016-12-30,110.63862609863281,19762.599609375,771.8200073242188,0.54,2.881
2017-01-03,110.95387268066406,19881.759765625,786.1400146484375,0.65,1.567
2017-01-04,110.82970428466797,19942.16015625,786.9000244140625,0.65,1.567
2017-01-05,111.39330291748047,19899.2890625,794.02001953125,0.65,1.567
2017-01-06,112.63513946533203,19963.80078125,806.1500244140625,0.65,1.567
2017-01-09,113.66682434082031,19887.380859375,806.6500244140625,0.65,1.567
2017-01-10,113.78146362304688,19855.529296875,804.7899780273438,0.65,1.567
2017-01-11,114.392822265625,19954.279296875,807.9099731445312,0.65,1.567
2017-01-12,113.9151840209961,19891.0,806.3599853515625,0.65,1.567
2017-01-13,113.71458435058594,19885.73046875,807.8800048828125,0.65,1.567
2017-01-17,114.63165283203125,19826.76953125,804.6099853515625,0.65,1.567
2017-01-18,114.62208557128906,19804.720703125,806.0700073242188,0.65,1.567
2017-01-19,114.4214859008789,19732.400390625,802.1749877929688,0.65,1.567
2017-01-20,114.63165283203125,19827.25,805.02001953125,0.65,1.567
2017-01-23,114.70806121826172,19799.849609375,819.3099975585938,0.65,1.567
2017-01-24,114.60298156738281,19912.7109375,823.8699951171875,0.65,1.567
2017-01-25,116.42753601074219,20068.509765625,835.6699829101562,0.65,1.567
2017-01-26,116.48485565185547,20100.91015625,832.1500244140625,0.65,1.567
2017-01-27,116.49441528320312,20093.779296875,823.3099975585938,0.65,1.567
2017-01-30,116.18870544433594,19971.130859375,802.3200073242188,0.65,1.567
2017-01-31,115.92122650146484,19864.08984375,796.7899780273438,0.65,1.567
2017-02-01,122.99018859863281,19890.939453125,795.6950073242188,0.66,1.567
2017-02-02,122.78004455566406,19884.91015625,798.530029296875,0.66,1.567
2017-02-03,123.30543518066406,20071.4609375,801.489990234375,0.66,1.567
2017-02-06,124.46131134033203,20052.419921875,801.3400268554688,0.66,1.567
2017-02-07,125.64580535888672,20090.2890625,806.969970703125,0.66,1.567
2017-02-08,126.13301849365234,20054.33984375,808.3800048828125,0.66,1.567
2017-02-09,127.04444885253906,20172.400390625,809.5599975585938,0.66,1.567
2017-02-10,126.7566146850586,20269.369140625,813.6699829101562,0.66,1.567
2017-02-13,127.87910461425781,20412.16015625,819.239990234375,0.66,1.567
2017-02-14,129.53890991210938,20504.41015625,820.4500122070312,0.66,1.567
2017-02-15,130.00901794433594,20611.859375,818.97998046875,0.66,1.567
2017-02-16,129.85549926757812,20619.76953125,824.1599731445312,0.66,1.567
2017-02-17,130.2105255126953,20624.05078125,828.0700073242188,0.66,1.567
2017-02-21,131.15072631835938,20743.0,831.6599731445312,0.66,1.567
2017-02-22,131.54405212402344,20775.599609375,830.760009765625,0.66,1.567
2017-02-23,130.98760986328125,20810.3203125,831.3300170898438,0.66,1.567
2017-02-24,131.1123504638672,20821.759765625,828.6400146484375,0.66,1.567
2017-02-27,131.37136840820312,20837.439453125,829.280029296875,0.66,1.567
2017-02-28,131.428955078125,20812.240234375,823.2100219726562,0.66,1.567
2017-03-01,134.1152801513672,21115.55078125,835.239990234375,0.79,1.567
2017-03-02,133.31893920898438,21002.970703125,830.6300048828125,0.79,1.567
2017-03-03,134.10565185546875,21005.7109375,829.0800170898438,0.79,1.567
2017-03-06,133.6835174560547,20954.33984375,827.780029296875,0.79,1.567
2017-03-07,133.85623168945312,20924.759765625,831.9099731445312,0.79,1.567
2017-03-08,133.35731506347656,20855.73046875,835.3699951171875,0.79,1.567
2017-03-09,133.05032348632812,20858.189453125,838.6799926757812,0.79,1.567
2017-03-10,133.49166870117188,20902.98046875,843.25,0.79,1.567
2017-03-13,133.5491943359375,20881.48046875,845.5399780273438,0.79,1.567
2017-03-14,133.34776306152344,20837.369140625,845.6199951171875,0.79,1.567
2017-03-15,134.75808715820312,20950.099609375,847.2000122070312,0.79,1.567
2017-03-16,134.9787139892578,20934.55078125,848.780029296875,0.79,1.567
2017-03-17,134.30715942382812,20914.619140625,852.1199951171875,0.79,1.567
2017-03-20,135.7174835205078,20905.859375,848.4000244140625,0.79,1.567
2017-03-21,134.16322326660156,20668.009765625,830.4600219726562,0.79,1.567
2017-03-22,135.67909240722656,20661.30078125,829.5900268554688,0.79,1.567
2017-03-23,135.19937133789062,20656.580078125,817.5800170898438,0.79,1.567
2017-03-24,134.93075561523438,20596.720703125,814.4299926757812,0.79,1.567
2017-03-27,135.16102600097656,20550.98046875,819.510009765625,0.79,1.567
2017-03-28,137.9624786376953,20701.5,820.9199829101562,0.79,1.567
2017-03-29,138.2694854736328,20659.3203125,831.4099731445312,0.79,1.567
2017-03-30,138.08718872070312,20728.490234375,831.5,0.79,1.567
2017-03-31,137.8281707763672,20663.220703125,829.5599975585938,0.79,1.567
2017-04-03,137.86654663085938,20650.2109375,838.5499877929688,0.9,1.567
2017-04-04,138.89312744140625,20689.240234375,834.5700073242188,0.9,1.567
2017-04-05,138.17355346679688,20648.150390625,831.4099731445312,0.9,1.567
2017-04-06,137.8281707763672,20662.94921875,827.8800048828125,0.9,1.567
2017-04-07,137.52114868164062,20656.099609375,824.6699829101562,0.9,1.567
2017-04-10,137.35806274414062,20658.01953125,824.72998046875,0.9,1.567
2017-04-11,135.88058471679688,20651.30078125,823.3499755859375,0.9,1.567
2017-04-12,136.0436553955078,20591.859375,824.3200073242188,0.9,1.567
2017-04-13,135.32415771484375,20453.25,823.5599975585938,0.9,1.567
2017-04-17,136.07244873046875,20636.919921875,837.1699829101562,0.9,1.567
2017-04-18,135.46803283691406,20523.279296875,836.8200073242188,0.9,1.567
2017-04-19,134.9691162109375,20404.490234375,838.2100219726562,0.9,1.567
2017-04-20,136.65771484375,20578.7109375,841.6500244140625,0.9,1.567
2017-04-21,136.49459838867188,20547.759765625,843.1900024414062,0.9,1.567
2017-04-24,137.8090057373047,20763.890625,862.760009765625,0.9,1.567
2017-04-25,138.66285705566406,20996.119140625,872.2999877929688,0.9,1.567
2017-04-26,137.84735107421875,20975.08984375,871.72998046875,0.9,1.567
2017-04-27,137.95286560058594,20981.330078125,874.25,0.9,1.567
2017-04-28,137.8185577392578,20940.509765625,905.9600219726562,0.9,1.567
2017-05-01,140.629638671875,20913.4609375,912.5700073242188,0.91,1.567
2017-05-02,141.5218963623047,20949.890625,916.4400024414062,0.91,1.567
2017-05-03,141.09014892578125,20957.900390625,927.0399780273438,0.91,1.567
2017-05-04,140.58164978027344,20951.470703125,931.6599731445312,0.91,1.567
2017-05-05,142.9130096435547,21006.939453125,927.1300048828125,0.91,1.567
2017-05-08,146.79861450195312,21012.279296875,934.2999877929688,0.91,1.567
2017-05-09,147.73880004882812,20975.779296875,932.1699829101562,0.91,1.567
2017-05-10,147.03846740722656,20943.109375,928.780029296875,0.91,1.567
2017-05-11,148.31008911132812,20919.419921875,930.5999755859375,0.91,1.567
2017-05-12,150.38131713867188,20896.609375,932.219970703125,0.91,1.567
2017-05-15,149.99598693847656,20981.939453125,937.0800170898438,0.91,1.567
2017-05-16,149.7744140625,20979.75,943.0,0.91,1.567
2017-05-17,144.74563598632812,20606.9296875,919.6199951171875,0.91,1.567
2017-05-18,146.9517364501953,20663.01953125,930.239990234375,0.91,1.567
2017-05-19,147.4526824951172,20804.83984375,934.010009765625,0.91,1.567
2017-05-22,148.34864807128906,20894.830078125,941.8599853515625,0.91,1.567
2017-05-23,148.1655731201172,20937.91015625,948.8200073242188,0.91,1.567
2017-05-24,147.72244262695312,21012.419921875,954.9600219726562,0.91,1.567
2017-05-25,148.2329864501953,21082.94921875,969.5399780273438,0.91,1.567
2017-05-26,147.98255920410156,21080.279296875,971.469970703125,0.91,1.567
2017-05-30,148.0403594970703,21029.470703125,975.8800048828125,0.91,1.567
2017-05-31,147.16368103027344,21008.650390625,964.8599853515625,0.91,1.567
2017-06-01,147.56829833984375,21144.1796875,966.9500122070312,1.04,1.567
2017-06-02,149.75515747070312,21206.2890625,975.5999755859375,1.04,1.567
2017-06-05,148.2908172607422,21184.0390625,983.6799926757812,1.04,1.567
2017-06-06,148.79177856445312,21136.23046875,976.5700073242188,1.04,1.567
2017-06-07,149.67807006835938,21173.689453125,980.9400024414062,1.04,1.567
2017-06-08,149.31199645996094,21182.529296875,983.4099731445312,1.04,1.567
2017-06-09,143.5221405029297,21271.970703125,949.8300170898438,1.04,1.567
2017-06-12,140.09259033203125,21235.669921875,942.9000244140625,1.04,1.567
2017-06-13,141.21974182128906,21328.470703125,953.4000244140625,1.04,1.567
2017-06-14,139.84213256835938,21374.560546875,950.760009765625,1.04,1.567
2017-06-15,139.0039520263672,21359.900390625,942.3099975585938,1.04,1.567
2017-06-16,137.0579833984375,21384.279296875,939.780029296875,1.04,1.567
2017-06-19,140.9788818359375,21528.990234375,957.3699951171875,1.04,1.567
2017-06-20,139.69760131835938,21467.140625,950.6300048828125,1.04,1.567
2017-06-21,140.52609252929688,21410.029296875,959.4500122070312,1.04,1.567
2017-06-22,140.294921875,21397.2890625,957.0900268554688,1.04,1.567
2017-06-23,140.92108154296875,21394.759765625,965.5900268554688,1.04,1.567
2017-06-26,140.4779510498047,21409.55078125,952.27001953125,1.04,1.567
2017-06-27,138.46449279785156,21310.66015625,927.3300170898438,1.04,1.567
2017-06-28,140.48757934570312,21454.609375,940.489990234375,1.04,1.567
2017-06-29,138.41632080078125,21287.029296875,917.7899780273438,1.04,1.567
2017-06-30,138.743896484375,21349.630859375,908.72998046875,1.04,1.567
2017-07-03,138.24290466308594,21479.26953125,898.7000122070312,1.15,1.567
2017-07-05,138.81130981445312,21478.169921875,911.7100219726562,1.15,1.567
2017-07-06,137.5011444091797,21320.0390625,906.6900024414062,1.15,1.567
2017-07-07,138.89801025390625,21414.33984375,918.5900268554688,1.15,1.567
2017-07-10,139.74575805664062,21408.51953125,928.7999877929688,1.15,1.567
2017-07-11,140.19854736328125,21409.0703125,930.0900268554688,1.15,1.567
2017-07-12,140.40086364746094,21532.140625,943.8300170898438,1.15,1.567
2017-07-13,142.3565216064453,21553.08984375,947.1599731445312,1.15,1.567
2017-07-14,143.5799560546875,21637.740234375,955.989990234375,1.15,1.567
2017-07-17,144.0808868408203,21629.720703125,953.4199829101562,1.15,1.567
2017-07-18,144.58187866210938,21574.73046875,965.4000244140625,1.15,1.567
2017-07-19,145.4874267578125,21640.75,970.8900146484375,1.15,1.567
2017-07-20,144.83233642578125,21611.779296875,968.1500244140625,1.15,1.567
2017-07-21,144.76490783691406,21580.0703125,972.9199829101562,1.15,1.567
2017-07-24,146.51824951171875,21513.169921875,980.3400268554688,1.15,1.567
2017-07-25,147.14442443847656,21613.4296875,950.7000122070312,1.15,1.567
2017-07-26,147.8380584716797,21711.009765625,947.7999877929688,1.15,1.567
2017-07-27,145.04428100585938,21796.55078125,934.0900268554688,1.15,1.567
2017-07-28,144.0231170654297,21830.310546875,941.530029296875,1.15,1.567
2017-07-31,143.28131103515625,21891.119140625,930.5,1.15,1.567
2017-08-01,144.55296325683594,21963.919921875,930.8300170898438,1.16,1.567
2017-08-02,151.3832244873047,22016.240234375,930.3900146484375,1.16,1.567
2017-08-03,149.87074279785156,22026.099609375,923.6500244140625,1.16,1.567
2017-08-04,150.6607208251953,22092.810546875,927.9600219726562,1.16,1.567
2017-08-07,152.9920654296875,22118.419921875,929.3599853515625,1.16,1.567
2017-08-08,154.2155303955078,22085.33984375,926.7899780273438,1.16,1.567
2017-08-09,155.15960693359375,22048.69921875,922.9000244140625,1.16,1.567
2017-08-10,150.21749877929688,21844.009765625,907.239990234375,1.16,1.567
2017-08-11,152.30654907226562,21858.3203125,914.3900146484375,1.16,1.567
2017-08-14,154.59869384765625,21993.7109375,922.6699829101562,1.16,1.567
2017-08-15,156.2911834716797,21998.990234375,922.219970703125,1.16,1.567
2017-08-16,155.6625213623047,22024.869140625,926.9600219726562,1.16,1.567
2017-08-17,152.67405700683594,21750.73046875,910.97998046875,1.16,1.567
2017-08-18,152.32589721679688,21674.509765625,910.6699829101562,1.16,1.567
2017-08-21,152.04542541503906,21703.75,906.6599731445312,1.16,1.567
2017-08-22,154.53099060058594,21899.890625,924.6900024414062,1.16,1.567
2017-08-23,154.72439575195312,21812.08984375,927.0,1.16,1.567
2017-08-24,154.03773498535156,21783.400390625,921.280029296875,1.16,1.567
2017-08-25,154.6083526611328,21813.669921875,915.8900146484375,1.16,1.567
2017-08-28,156.1654510498047,21808.400390625,913.8099975585938,1.16,1.567
2017-08-29,157.55816650390625,21865.369140625,921.2899780273438,1.16,1.567
2017-08-30,157.98370361328125,21892.4296875,929.5700073242188,1.16,1.567
2017-08-31,158.6123504638672,21948.099609375,939.3300170898438,1.16,1.567
2017-09-01,158.66070556640625,21987.560546875,937.3400268554688,1.15,1.567
2017-09-05,156.75543212890625,21753.310546875,928.4500122070312,1.15,1.567
2017-09-06,156.5909881591797,21807.640625,927.8099975585938,1.15,1.567
2017-09-07,155.96234130859375,21784.779296875,935.9500122070312,1.15,1.567
2017-09-08,153.4187774658203,21797.7890625,926.5,1.15,1.567
2017-09-11,156.19448852539062,22057.369140625,929.0800170898438,1.15,1.567
2017-09-12,155.5755157470703,22118.859375,932.0700073242188,1.15,1.567
2017-09-13,154.40525817871094,22158.1796875,935.0900268554688,1.15,1.567
2017-09-14,153.0802459716797,22203.48046875,925.1099853515625,1.15,1.567
2017-09-15,154.62770080566406,22268.33984375,920.2899780273438,1.15,1.567
2017-09-18,153.4574432373047,22331.349609375,915.0,1.15,1.567
2017-09-19,153.51547241210938,22370.80078125,921.8099975585938,1.15,1.567
2017-09-20,150.94287109375,22412.58984375,931.5800170898438,1.15,1.567
2017-09-21,148.35089111328125,22359.23046875,932.4500122070312,1.15,1.567
2017-09-22,146.90017700195312,22349.58984375,928.530029296875,1.15,1.567
2017-09-25,145.6042022705078,22296.08984375,920.969970703125,1.15,1.567
2017-09-26,148.10911560058594,22284.3203125,924.8599853515625,1.15,1.567
2017-09-27,149.16329956054688,22340.7109375,944.489990234375,1.15,1.567
2017-09-28,148.2445068359375,22381.19921875,949.5,1.15,1.567
2017-09-29,149.05690002441406,22405.08984375,959.1099853515625,1.15,1.567
2017-10-02,148.75711059570312,22557.599609375,953.27001953125,1.15,1.567
2017-10-03,149.4051055908203,22641.669921875,957.7899780273438,1.15,1.567
2017-10-04,148.43795776367188,22661.640625,951.6799926757812,1.15,1.567
2017-10-05,150.28517150878906,22775.390625,969.9600219726562,1.15,1.567
2017-10-06,150.19813537597656,22773.669921875,978.8900146484375,1.15,1.567
2017-10-09,150.72039794921875,22761.0703125,977.0,1.15,1.567
2017-10-10,150.77842712402344,22830.6796875,972.5999755859375,1.15,1.567
2017-10-11,151.4071044921875,22872.890625,989.25,1.15,1.567
2017-10-12,150.8751678466797,22841.009765625,987.8300170898438,1.15,1.567
2017-10-13,151.8326416015625,22871.720703125,989.6799926757812,1.15,1.567
2017-10-16,154.62770080566406,22956.9609375,992.0,1.15,1.567
2017-10-17,155.1983184814453,22997.439453125,992.1799926757812,1.15,1.567
2017-10-18,154.5116424560547,23157.599609375,992.8099975585938,1.15,1.567
2017-10-19,150.85580444335938,23163.0390625,984.4500122070312,1.15,1.567
2017-10-20,151.11695861816406,23328.630859375,988.2000122070312,1.15,1.567
2017-10-23,151.03958129882812,23273.9609375,968.4500122070312,1.15,1.567
2017-10-24,151.9390106201172,23441.759765625,970.5399780273438,1.15,1.567
2017-10-25,151.2716827392578,23329.4609375,973.3300170898438,1.15,1.567
2017-10-26,152.2388153076172,23400.859375,972.5599975585938,1.15,1.567
2017-10-27,157.69354248046875,23434.189453125,1019.27001953125,1.15,1.567
2017-10-30,161.2429962158203,23348.740234375,1017.1099853515625,1.15,1.567
2017-10-31,163.48675537109375,23377.240234375,1016.6400146484375,1.15,1.567
2017-11-01,161.4073944091797,23435.009765625,1025.5,1.16,1.567
2017-11-02,162.5873260498047,23516.259765625,1025.5799560546875,1.16,1.567
2017-11-03,166.83311462402344,23539.189453125,1032.47998046875,1.16,1.567
2017-11-06,168.52561950683594,23548.419921875,1025.9000244140625,1.16,1.567
2017-11-07,169.0672149658203,23557.23046875,1033.3299560546875,1.16,1.567
2017-11-08,170.45025634765625,23563.359375,1039.8499755859375,1.16,1.567
2017-11-09,170.1020965576172,23461.939453125,1031.260009765625,1.16,1.567
2017-11-10,169.53909301757812,23422.2109375,1028.0699462890625,1.16,1.567
2017-11-13,168.8596649169922,23439.69921875,1025.75,1.16,1.567
2017-11-14,166.30690002441406,23409.470703125,1026.0,1.16,1.567
2017-11-15,164.11328125,23271.279296875,1020.9099731445312,1.16,1.567
2017-11-16,166.073974609375,23458.359375,1032.5,1.16,1.567
2017-11-17,165.15187072753906,23358.240234375,1019.0900268554688,1.16,1.567
2017-11-20,164.9868927001953,23430.330078125,1018.3800048828125,1.16,1.567
2017-11-21,168.0540313720703,23590.830078125,1034.489990234375,1.16,1.567
2017-11-22,169.82058715820312,23526.1796875,1035.9599609375,1.16,1.567
2017-11-24,169.83030700683594,23557.990234375,1040.6099853515625,1.16,1.567
2017-11-27,168.97613525390625,23580.779296875,1054.2099609375,1.16,1.567
2017-11-28,167.98609924316406,23836.7109375,1047.4100341796875,1.16,1.567
2017-11-29,164.5015869140625,23940.6796875,1021.6599731445312,1.16,1.567
2017-11-30,166.8019561767578,24272.349609375,1021.4099731445312,1.16,1.567
2017-12-01,166.0254364013672,24231.58984375,1010.1699829101562,1.3,1.567
2017-12-04,164.8121337890625,24290.05078125,998.6799926757812,1.3,1.567
2017-12-05,164.65684509277344,24180.640625,1005.1500244140625,1.3,1.567
2017-12-06,164.04537963867188,24140.91015625,1018.3800048828125,1.3,1.567
2017-12-07,164.34629821777344,24211.48046875,1030.9300537109375,1.3,1.567
2017-12-08,164.394775390625,24329.16015625,1037.050048828125,1.3,1.567
2017-12-11,167.5978546142578,24386.029296875,1041.0999755859375,1.3,1.567
2017-12-12,166.65635681152344,24504.80078125,1040.47998046875,1.3,1.567
2017-12-13,167.20960998535156,24585.4296875,1040.6099853515625,1.3,1.567
2017-12-14,167.1610565185547,24508.66015625,1049.1500244140625,1.3,1.567
2017-12-15,168.8596649169922,24651.740234375,1064.18994140625,1.3,1.567
2017-12-18,171.2377166748047,24792.19921875,1077.1400146484375,1.3,1.567
2017-12-19,169.41290283203125,24754.75,1070.6800537109375,1.3,1.567
2017-12-20,169.22850036621094,24726.650390625,1064.949951171875,1.3,1.567
2017-12-21,169.86911010742188,24782.2890625,1063.6300048828125,1.3,1.567
2017-12-22,169.86911010742188,24754.060546875,1060.1199951171875,1.3,1.567
2017-12-26,165.55955505371094,24746.2109375,1056.739990234375,1.3,1.567
2017-12-27,165.5886688232422,24774.30078125,1049.3699951171875,1.3,1.567
2017-12-28,166.05458068847656,24837.509765625,1048.1400146484375,1.3,1.567
2017-12-29,164.25889587402344,24719.220703125,1046.4000244140625,1.3,1.567
2018-01-02,167.19989013671875,24824.009765625,1065.0,1.41,2.217
2018-01-03,167.1707763671875,24922.6796875,1082.47998046875,1.41,2.217
2018-01-04,167.947265625,25075.130859375,1086.4000244140625,1.41,2.217
2018-01-05,169.85940551757812,25295.869140625,1102.22998046875,1.41,2.217
2018-01-08,169.22850036621094,25283.0,1106.93994140625,1.41,2.217
2018-01-09,169.20909118652344,25385.80078125,1106.260009765625,1.41,2.217
2018-01-10,169.17025756835938,25369.130859375,1102.6099853515625,1.41,2.217
2018-01-11,170.1311798095703,25574.73046875,1105.52001953125,1.41,2.217
2018-01-12,171.88803100585938,25803.189453125,1122.260009765625,1.41,2.217
2018-01-16,171.01446533203125,25792.859375,1121.760009765625,1.41,2.217
2018-01-17,173.83900451660156,26115.650390625,1131.97998046875,1.41,2.217
2018-01-18,173.99429321289062,26017.810546875,1129.7900390625,1.41,2.217
2018-01-19,173.21778869628906,26071.720703125,1137.510009765625,1.41,2.217
2018-01-22,171.80067443847656,26214.599609375,1155.81005859375,1.41,2.217
2018-01-23,171.83949279785156,26210.810546875,1169.969970703125,1.41,2.217
2018-01-24,169.10232543945312,26252.119140625,1164.239990234375,1.41,2.217
2018-01-25,166.08367919921875,26392.7890625,1170.3699951171875,1.41,2.217
2018-01-26,166.471923828125,26616.7109375,1175.8399658203125,1.41,2.217
2018-01-29,163.02621459960938,26439.48046875,1175.5799560546875,1.41,2.217
2018-01-30,162.06527709960938,26076.890625,1163.68994140625,1.41,2.217
2018-01-31,162.51177978515625,26149.390625,1169.93994140625,1.41,2.217
2018-02-01,162.8514862060547,26186.7109375,1167.699951171875,1.42,2.217
2018-02-02,155.78536987304688,25520.9609375,1111.9000244140625,1.42,2.217
2018-02-05,151.89312744140625,24345.75,1055.800048828125,1.42,2.217
2018-02-06,158.2410125732422,24912.76953125,1080.5999755859375,1.42,2.217
2018-02-07,154.85353088378906,24893.349609375,1048.5799560546875,1.42,2.217
2018-02-08,150.59249877929688,23860.4609375,1001.52001953125,1.42,2.217
2018-02-09,152.43446350097656,24190.900390625,1037.780029296875,1.42,2.217
2018-02-12,158.57432556152344,24601.26953125,1051.93994140625,1.42,2.217
2018-02-13,160.16290283203125,24640.44921875,1052.0999755859375,1.42,2.217
2018-02-14,163.1158905029297,24893.490234375,1069.699951171875,1.42,2.217
2018-02-15,168.59303283691406,25200.369140625,1089.52001953125,1.42,2.217
2018-02-16,168.04727172851562,25219.380859375,1094.800048828125,1.42,2.217
2018-02-20,167.48202514648438,24964.75,1102.4599609375,1.42,2.217
2018-02-21,166.7218475341797,24797.779296875,1111.3399658203125,1.42,2.217
2018-02-22,168.11550903320312,24962.48046875,1106.6300048828125,1.42,2.217
2018-02-23,171.03924560546875,25309.990234375,1126.7900390625,1.42,2.217
2018-02-26,174.42103576660156,25709.26953125,1143.75,1.42,2.217
2018-02-27,173.85580444335938,25410.029296875,1118.2900390625,1.42,2.217
2018-02-28,173.59266662597656,25029.19921875,1104.72998046875,1.42,2.217
2018-03-01,170.55194091796875,24608.98046875,1069.52001953125,1.51,2.217
2018-03-02,171.73118591308594,24538.060546875,1078.9200439453125,1.51,2.217
2018-03-05,172.32571411132812,24874.759765625,1090.9300537109375,1.51,2.217
2018-03-06,172.17950439453125,24884.119140625,1095.06005859375,1.51,2.217
2018-03-07,170.58120727539062,24801.359375,1109.6400146484375,1.51,2.217
2018-03-08,172.44264221191406,24895.2109375,1126.0,1.51,2.217
2018-03-09,175.40536499023438,25335.740234375,1160.0400390625,1.51,2.217
2018-03-12,177.10113525390625,25178.609375,1164.5,1.51,2.217
2018-03-13,175.3956298828125,25007.029296875,1138.1700439453125,1.51,2.217
2018-03-14,173.9044952392578,24758.119140625,1149.489990234375,1.51,2.217
2018-03-15,174.10916137695312,24873.66015625,1149.5799560546875,1.51,2.217
2018-03-16,173.4951934814453,24946.509765625,1135.72998046875,1.51,2.217
2018-03-19,170.84434509277344,24610.91015625,1099.8199462890625,1.51,2.217
2018-03-20,170.78585815429688,24727.26953125,1097.7099609375,1.51,2.217
2018-03-21,166.916748046875,24682.310546875,1090.8800048828125,1.51,2.217
2018-03-22,164.5582733154297,23957.890625,1049.0799560546875,1.51,2.217
2018-03-23,160.7476348876953,23533.19921875,1021.5700073242188,1.51,2.217
2018-03-26,168.378662109375,24202.599609375,1053.2099609375,1.51,2.217
2018-03-27,164.06121826171875,23857.7109375,1005.0999755859375,1.51,2.217
2018-03-28,162.24851989746094,23848.419921875,1004.5599975585938,1.51,2.217
2018-03-29,163.5154571533203,24103.109375,1031.7900390625,1.51,2.217
2018-04-02,162.44342041015625,23644.189453125,1006.469970703125,1.69,2.217
2018-04-03,164.10997009277344,24033.359375,1013.4099731445312,1.69,2.217
2018-04-04,167.2481231689453,24264.30078125,1025.1400146484375,1.69,2.217
2018-04-05,168.40786743164062,24505.220703125,1027.81005859375,1.69,2.217
2018-04-06,164.10023498535156,23932.759765625,1007.0399780273438,1.69,2.217
2018-04-09,165.727783203125,23979.099609375,1015.4500122070312,1.69,2.217
2018-04-10,168.84645080566406,24408.0,1031.6400146484375,1.69,2.217
2018-04-11,168.05702209472656,24189.44921875,1019.969970703125,1.69,2.217
2018-04-12,169.7138214111328,24483.05078125,1032.510009765625,1.69,2.217
2018-04-13,170.28880310058594,24360.140625,1029.27001953125,1.69,2.217
2018-04-16,171.3511199951172,24573.0390625,1037.97998046875,1.69,2.217
2018-04-17,173.7095947265625,24786.630859375,1074.1600341796875,1.69,2.217
2018-04-18,173.31976318359375,24748.0703125,1072.0799560546875,1.69,2.217
2018-04-19,168.40786743164062,24664.890625,1087.699951171875,1.69,2.217
2018-04-20,161.5078125,24462.939453125,1072.9599609375,1.69,2.217
2018-04-23,161.0400390625,24448.689453125,1067.449951171875,1.69,2.217
2018-04-24,158.79849243164062,24024.130859375,1019.97998046875,1.69,2.217
2018-04-25,159.4904327392578,24083.830078125,1021.1799926757812,1.69,2.217
2018-04-26,160.04595947265625,24322.33984375,1040.0400390625,1.69,2.217
2018-04-27,158.19424438476562,24311.189453125,1030.050048828125,1.69,2.217
2018-04-30,161.05950927734375,24163.150390625,1017.3300170898438,1.69,2.217
2018-05-01,164.80189514160156,24099.05078125,1037.31005859375,1.7,2.217
2018-05-02,172.08206176757812,23924.98046875,1024.3800048828125,1.7,2.217
2018-05-03,172.39390563964844,23930.150390625,1023.719970703125,1.7,2.217
2018-05-04,179.1575164794922,24262.509765625,1048.2099609375,1.7,2.217
2018-05-07,180.45372009277344,24357.3203125,1054.7900390625,1.7,2.217
2018-05-08,181.3210906982422,24360.2109375,1053.9100341796875,1.7,2.217
2018-05-09,182.59779357910156,24542.5390625,1082.760009765625,1.7,2.217
2018-05-10,185.2096710205078,24739.529296875,1097.5699462890625,1.7,2.217
2018-05-11,184.50526428222656,24831.169921875,1098.260009765625,1.7,2.217
2018-05-14,184.07479858398438,24899.41015625,1100.199951171875,1.7,2.217
2018-05-15,182.40184020996094,24706.41015625,1079.22998046875,1.7,2.217
2018-05-16,184.10414123535156,24768.9296875,1081.77001953125,1.7,2.217
2018-05-17,182.93992614746094,24713.98046875,1078.5899658203125,1.7,2.217
2018-05-18,182.27464294433594,24715.08984375,1066.3599853515625,1.7,2.217
2018-05-21,183.56607055664062,25013.2890625,1079.5799560546875,1.7,2.217
2018-05-22,183.10621643066406,24834.41015625,1069.72998046875,1.7,2.217
2018-05-23,184.2802734375,24886.810546875,1079.68994140625,1.7,2.217
2018-05-24,184.07479858398438,24811.759765625,1079.239990234375,1.7,2.217
2018-05-25,184.49549865722656,24753.08984375,1075.6600341796875,1.7,2.217
2018-05-29,183.83023071289062,24361.44921875,1060.3199462890625,1.7,2.217
2018-05-30,183.4388885498047,24667.779296875,1067.800048828125,1.7,2.217
2018-05-31,182.822509765625,24415.83984375,1084.989990234375,1.7,2.217
2018-06-01,186.1195068359375,24635.2109375,1119.5,1.82,2.217
2018-06-04,187.6750946044922,24813.689453125,1139.2900390625,1.82,2.217
2018-06-05,189.12303161621094,24799.98046875,1139.6600341796875,1.82,2.217
2018-06-06,189.7785186767578,25146.390625,1136.8800048828125,1.82,2.217
2018-06-07,189.26980590820312,25241.41015625,1123.8599853515625,1.82,2.217
2018-06-08,187.54791259765625,25316.529296875,1120.8699951171875,1.82,2.217
2018-06-11,187.0880889892578,25322.310546875,1129.989990234375,1.82,2.217
2018-06-12,188.11534118652344,25320.73046875,1139.3199462890625,1.82,2.217
2018-06-13,186.56956481933594,25201.19921875,1134.7900390625,1.82,2.217
2018-06-14,186.6674041748047,25175.310546875,1152.1199951171875,1.82,2.217
2018-06-15,184.74986267089844,25090.48046875,1152.260009765625,1.82,2.217
2018-06-18,184.65200805664062,24987.470703125,1173.4599609375,1.82,2.217
2018-06-19,181.66807556152344,24700.2109375,1168.06005859375,1.82,2.217
2018-06-20,182.46054077148438,24657.80078125,1169.8399658203125,1.82,2.217
2018-06-21,181.4430694580078,24461.69921875,1157.6600341796875,1.82,2.217
2018-06-22,180.9147491455078,24580.890625,1155.47998046875,1.82,2.217
2018-06-25,178.22430419921875,24252.80078125,1124.81005859375,1.82,2.217
2018-06-26,180.4353790283203,24283.109375,1118.4599609375,1.82,2.217
2018-06-27,180.1712188720703,24117.58984375,1103.97998046875,1.82,2.217
2018-06-28,181.48220825195312,24216.05078125,1114.219970703125,1.82,2.217
2018-06-29,181.10064697265625,24271.41015625,1115.6500244140625,1.82,2.217
2018-07-02,183.1258087158203,24307.1796875,1127.4599609375,1.91,2.217
2018-07-03,179.93641662597656,24174.8203125,1102.8900146484375,1.91,2.217
2018-07-05,181.3843536376953,24356.740234375,1124.27001953125,1.91,2.217
2018-07-06,183.898681640625,24456.48046875,1140.1700439453125,1.91,2.217
2018-07-09,186.45216369628906,24776.58984375,1154.050048828125,1.91,2.217
2018-07-10,186.2271728515625,24919.66015625,1152.8399658203125,1.91,2.217
2018-07-11,183.81063842773438,24700.44921875,1153.9000244140625,1.91,2.217
2018-07-12,186.8924102783203,24924.890625,1183.47998046875,1.91,2.217
2018-07-13,187.18589782714844,25019.41015625,1188.8199462890625,1.91,2.217
2018-07-16,186.7750244140625,25064.359375,1183.8599853515625,1.91,2.217
2018-07-17,187.3032989501953,25119.890625,1198.800048828125,1.91,2.217
2018-07-18,186.2760467529297,25199.2890625,1195.8800048828125,1.91,2.217
2018-07-19,187.72402954101562,25064.5,1186.9599609375,1.91,2.217
2018-07-20,187.29356384277344,25058.119140625,1184.9100341796875,1.91,2.217
2018-07-23,187.4598388671875,25044.2890625,1205.5,1.91,2.217
2018-07-24,188.8197479248047,25241.939453125,1248.0799560546875,1.91,2.217
2018-07-25,190.600341796875,25414.099609375,1263.699951171875,1.91,2.217
2018-07-26,190.0035400390625,25527.0703125,1268.3299560546875,1.91,2.217
2018-07-27,186.84352111816406,25451.060546875,1238.5,1.91,2.217
2018-07-30,185.7966766357422,25306.830078125,1219.739990234375,1.91,2.217
2018-07-31,186.16842651367188,25415.189453125,1217.260009765625,1.91,2.217
2018-08-01,197.13565063476562,25333.8203125,1220.010009765625,1.91,2.217
2018-08-02,202.8980712890625,25326.16015625,1226.1500244140625,1.91,2.217
2018-08-03,203.4850616455078,25462.580078125,1223.7099609375,1.91,2.217
2018-08-06,204.5416717529297,25502.1796875,1224.77001953125,1.91,2.217
2018-08-07,202.62413024902344,25628.91015625,1242.219970703125,1.91,2.217
2018-08-08,202.76112365722656,25583.75,1245.6099853515625,1.91,2.217
2018-08-09,204.35580444335938,25509.23046875,1249.0999755859375,1.91,2.217
2018-08-10,203.74710083007812,25313.140625,1237.6099853515625,1.91,2.217
2018-08-13,205.0626678466797,25187.69921875,1235.010009765625,1.91,2.217
2018-08-14,205.92666625976562,25299.919921875,1242.0999755859375,1.91,2.217
2018-08-15,206.40771484375,25162.41015625,1214.3800048828125,1.91,2.217
2018-08-16,209.43157958984375,25558.73046875,1206.489990234375,1.91,2.217
2018-08-17,213.6138916015625,25669.3203125,1200.9599609375,1.91,2.217
2018-08-20,211.53256225585938,25758.689453125,1207.77001953125,1.91,2.217
2018-08-21,211.12020874023438,25822.2890625,1201.6199951171875,1.91,2.217
2018-08-22,211.13003540039062,25733.599609375,1207.3299560546875,1.91,2.217
2018-08-23,211.56201171875,25656.98046875,1205.3800048828125,1.91,2.217
2018-08-24,212.2198028564453,25790.349609375,1220.6500244140625,1.91,2.217
2018-08-27,213.96734619140625,26049.640625,1241.8199462890625,1.91,2.217
2018-08-28,215.6952667236328,26064.01953125,1231.1500244140625,1.91,2.217
2018-08-29,218.9154815673828,26124.5703125,1249.300048828125,1.91,2.217
2018-08-30,220.9281005859375,25986.919921875,1239.1199951171875,1.91,2.217
2018-08-31,223.480712890625,25964.8203125,1218.18994140625,1.91,2.217
2018-09-04,224.19741821289062,25952.48046875,1197.0,1.95,2.217
2018-09-05,222.73458862304688,25974.990234375,1186.47998046875,1.95,2.217
2018-09-06,219.03330993652344,25995.869140625,1171.43994140625,1.95,2.217
2018-09-07,217.26611328125,25916.5390625,1164.8299560546875,1.95,2.217
2018-09-10,214.35023498535156,25857.0703125,1164.6400146484375,1.95,2.217
2018-09-11,219.76963806152344,25971.060546875,1177.3599853515625,1.95,2.217
2018-09-12,217.04029846191406,25998.919921875,1162.8199462890625,1.95,2.217
2018-09-13,222.282958984375,26145.990234375,1175.3299560546875,1.95,2.217
2018-09-14,219.7598114013672,26154.669921875,1172.530029296875,1.95,2.217
2018-09-17,213.908447265625,26062.119140625,1156.050048828125,1.95,2.217
2018-09-18,214.2618865966797,26246.9609375,1161.219970703125,1.95,2.217
2018-09-19,214.38949584960938,26405.759765625,1171.0899658203125,1.95,2.217
2018-09-20,216.01927185058594,26656.98046875,1186.8699951171875,1.95,2.217
2018-09-21,213.6924591064453,26743.5,1166.0899658203125,1.95,2.217
2018-09-24,216.76539611816406,26562.05078125,1173.3699951171875,1.95,2.217
2018-09-25,218.13987731933594,26492.2109375,1184.6500244140625,1.95,2.217
2018-09-26,216.4021453857422,26385.279296875,1180.489990234375,1.95,2.217
2018-09-27,220.84957885742188,26439.9296875,1194.6400146484375,1.95,2.217
2018-09-28,221.6251678466797,26458.310546875,1193.469970703125,1.95,2.217
2018-10-01,223.11746215820312,26651.2109375,1195.31005859375,2.19,2.217
2018-10-02,225.10064697265625,26773.939453125,1200.1099853515625,2.19,2.217
2018-10-03,227.8397979736328,26828.390625,1202.949951171875,2.19,2.217
2018-10-04,223.83416748046875,26627.48046875,1168.18994140625,2.19,2.217
2018-10-05,220.20159912109375,26447.05078125,1157.3499755859375,2.19,2.217
2018-10-08,219.69110107421875,26486.779296875,1148.969970703125,2.19,2.217
2018-10-09,222.73458862304688,26430.5703125,1138.8199462890625,2.19,2.217
2018-10-10,212.41615295410156,25598.740234375,1081.219970703125,2.19,2.217
2018-10-11,210.5409698486328,25052.830078125,1079.3199462890625,2.19,2.217
2018-10-12,218.06134033203125,25339.990234375,1110.0799560546875,2.19,2.217
2018-10-15,213.39791870117188,25250.55078125,1092.25,2.19,2.217
2018-10-16,218.10060119628906,25798.419921875,1121.280029296875,2.19,2.217
2018-10-17,217.15811157226562,25706.6796875,1115.68994140625,2.19,2.217
2018-10-18,212.0823516845703,25379.44921875,1087.969970703125,2.19,2.217
2018-10-19,215.31236267089844,25444.33984375,1096.4599609375,2.19,2.217
2018-10-22,216.62794494628906,25317.41015625,1101.1600341796875,2.19,2.217
2018-10-23,218.67002868652344,25191.4296875,1103.68994140625,2.19,2.217
2018-10-24,211.16929626464844,24583.419921875,1050.7099609375,2.19,2.217
2018-10-25,215.79345703125,24984.55078125,1095.5699462890625,2.19,2.217
2018-10-26,212.35723876953125,24688.310546875,1071.469970703125,2.19,2.217
2018-10-29,208.3712615966797,24442.919921875,1020.0800170898438,2.19,2.217
2018-10-30,209.41192626953125,24874.640625,1036.2099609375,2.19,2.217
2018-10-31,214.87059020996094,25115.759765625,1076.77001953125,2.19,2.217
2018-11-01,218.16934204101562,25380.740234375,1070.0,2.2,2.217
2018-11-02,203.697998046875,25270.830078125,1057.7900390625,2.2,2.217
2018-11-05,197.91537475585938,25461.69921875,1040.0899658203125,2.2,2.217
2018-11-06,200.05564880371094,25635.009765625,1055.81005859375,2.2,2.217
2018-11-07,206.12298583984375,26180.30078125,1093.3900146484375,2.2,2.217
2018-11-08,205.40380859375,26191.220703125,1082.4000244140625,2.2,2.217
2018-11-09,201.44329833984375,25989.30078125,1066.1500244140625,2.2,2.217
2018-11-12,191.29576110839844,25387.1796875,1038.6300048828125,2.2,2.217
2018-11-13,189.3844757080078,25286.490234375,1036.050048828125,2.2,2.217
2018-11-14,184.03488159179688,25080.5,1043.6600341796875,2.2,2.217
2018-11-15,188.57662963867188,25289.26953125,1064.7099609375,2.2,2.217
2018-11-16,190.6652374267578,25413.220703125,1061.489990234375,2.2,2.217
2018-11-19,183.10877990722656,25017.439453125,1020.0,2.2,2.217
2018-11-20,174.36024475097656,24465.640625,1025.760009765625,2.2,2.217
2018-11-21,174.16319274902344,24464.689453125,1037.6099853515625,2.2,2.217
2018-11-23,169.73965454101562,24285.94921875,1023.8800048828125,2.2,2.217
2018-11-26,172.03517150878906,24640.240234375,1048.6199951171875,2.2,2.217
2018-11-27,171.66079711914062,24748.73046875,1044.4100341796875,2.2,2.217
2018-11-28,178.26162719726562,25366.4296875,1086.22998046875,2.2,2.217
2018-11-29,176.89219665527344,25338.83984375,1088.300048828125,2.2,2.217
2018-11-30,175.93655395507812,25538.4609375,1094.4300537109375,2.2,2.217
2018-12-03,182.0841827392578,25826.4296875,1106.4300537109375,2.27,2.217
2018-12-04,174.0745391845703,25027.0703125,1050.8199462890625,2.27,2.217
2018-12-06,172.13368225097656,24947.669921875,1068.72998046875,2.27,2.217
2018-12-07,165.9959259033203,24388.94921875,1036.5799560546875,2.27,2.217
2018-12-10,167.0894775390625,24423.259765625,1039.550048828125,2.27,2.217
2018-12-11,166.13385009765625,24370.240234375,1051.75,2.27,2.217
2018-12-12,166.5968780517578,24527.26953125,1063.6800537109375,2.27,2.217
2018-12-13,168.4194793701172,24597.380859375,1061.9000244140625,2.27,2.217
2018-12-14,163.03045654296875,24100.509765625,1042.0999755859375,2.27,2.217
2018-12-17,161.5132598876953,23592.98046875,1016.530029296875,2.27,2.217
2018-12-18,163.6117401123047,23675.640625,1028.7099609375,2.27,2.217
2018-12-19,158.50840759277344,23323.66015625,1023.010009765625,2.27,2.217
2018-12-20,154.5084991455078,22859.599609375,1009.4099731445312,2.27,2.217
2018-12-21,148.49879455566406,22445.369140625,979.5399780273438,2.27,2.217
2018-12-24,144.6565399169922,21792.19921875,976.219970703125,2.27,2.217
2018-12-26,154.84347534179688,22878.44921875,1039.4599609375,2.27,2.217
2018-12-27,153.83856201171875,23138.8203125,1043.8800048828125,2.27,2.217
2018-12-28,153.91738891601562,23062.400390625,1037.0799560546875,2.27,2.217
2018-12-31,155.40504455566406,23327.4609375,1035.6099853515625,2.27,2.217
2019-01-02,155.58236694335938,23346.240234375,1045.8499755859375,2.4,2.857
2019-01-03,140.08522033691406,22686.220703125,1016.0599975585938,2.4,2.857
2019-01-04,146.0653533935547,23433.16015625,1070.7099609375,2.4,2.857
2019-01-07,145.74026489257812,23531.349609375,1068.3900146484375,2.4,2.857
2019-01-08,148.5185089111328,23787.44921875,1076.280029296875,2.4,2.857
2019-01-09,151.0406036376953,23879.119140625,1074.6600341796875,2.4,2.857
2019-01-10,151.52337646484375,24001.919921875,1070.3299560546875,2.4,2.857
2019-01-11,150.03570556640625,23995.94921875,1057.18994140625,2.4,2.857
2019-01-14,147.77960205078125,23909.83984375,1044.68994140625,2.4,2.857
2019-01-15,150.80416870117188,24065.58984375,1077.1500244140625,2.4,2.857
2019-01-16,152.646484375,24207.16015625,1080.969970703125,2.4,2.857
2019-01-17,153.55287170410156,24370.099609375,1089.9000244140625,2.4,2.857
2019-01-18,154.4986572265625,24706.349609375,1098.260009765625,2.4,2.857
2019-01-22,151.03077697753906,24404.48046875,1070.52001953125,2.4,2.857
2019-01-23,151.64158630371094,24575.619140625,1075.5699462890625,2.4,2.857
2019-01-24,150.43963623046875,24553.240234375,1073.9000244140625,2.4,2.857
2019-01-25,155.42474365234375,24737.19921875,1090.989990234375,2.4,2.857
2019-01-28,153.98635864257812,24528.220703125,1070.0799560546875,2.4,2.857
2019-01-29,152.39031982421875,24579.9609375,1060.6199951171875,2.4,2.857
2019-01-30,162.80386352539062,25014.859375,1089.06005859375,2.4,2.857
2019-01-31,163.9762420654297,24999.669921875,1116.3699951171875,2.4,2.857
2019-02-01,164.05506896972656,25063.890625,1110.75,2.4,2.857
2019-02-04,168.7150421142578,25239.369140625,1132.800048828125,2.4,2.857
2019-02-05,171.6016845703125,25411.51953125,1145.989990234375,2.4,2.857
2019-02-06,171.66079711914062,25390.30078125,1115.22998046875,2.4,2.857
2019-02-07,168.40965270996094,25169.529296875,1098.7099609375,2.4,2.857
2019-02-08,168.60752868652344,25106.330078125,1095.06005859375,2.4,2.857
2019-02-11,167.63787841796875,25053.109375,1095.010009765625,2.4,2.857
2019-02-12,169.0824432373047,25425.759765625,1121.3699951171875,2.4,2.857
2019-02-13,168.37994384765625,25543.26953125,1120.1600341796875,2.4,2.857
2019-02-14,168.993408203125,25439.390625,1121.6700439453125,2.4,2.857
2019-02-15,168.617431640625,25883.25,1113.6500244140625,2.4,2.857
2019-02-19,169.12200927734375,25891.3203125,1118.56005859375,2.4,2.857
2019-02-20,170.21038818359375,25954.439453125,1113.800048828125,2.4,2.857
2019-02-21,169.2506561279297,25850.630859375,1096.969970703125,2.4,2.857
2019-02-22,171.14044189453125,26031.810546875,1110.3699951171875,2.4,2.857
2019-02-25,172.38711547851562,26091.94921875,1109.4000244140625,2.4,2.857
2019-02-26,172.48605346679688,26057.98046875,1115.1300048828125,2.4,2.857
2019-02-27,173.0203399658203,25985.16015625,1116.050048828125,2.4,2.857
2019-02-28,171.31854248046875,25916.0,1119.9200439453125,2.4,2.857
2019-03-01,173.11927795410156,26026.3203125,1140.989990234375,2.41,2.857
2019-03-04,173.989990234375,25819.650390625,1147.800048828125,2.41,2.857
2019-03-05,173.67337036132812,25806.630859375,1162.030029296875,2.41,2.857
2019-03-06,172.67405700683594,25673.4609375,1157.8599853515625,2.41,2.857
2019-03-07,170.6754150390625,25473.23046875,1143.300048828125,2.41,2.857
2019-03-08,171.08108520507812,25450.240234375,1142.3199462890625,2.41,2.857
2019-03-11,177.00770568847656,25650.880859375,1175.760009765625,2.41,2.857
2019-03-12,178.99647521972656,25554.66015625,1193.199951171875,2.41,2.857
2019-03-13,179.78799438476562,25702.890625,1193.3199462890625,2.41,2.857
2019-03-14,181.78662109375,25709.939453125,1185.550048828125,2.41,2.857
2019-03-15,184.15133666992188,25848.869140625,1184.4599609375,2.41,2.857
2019-03-18,186.03126525878906,25914.099609375,1184.260009765625,2.41,2.857
2019-03-19,184.55702209472656,25887.380859375,1198.8499755859375,2.41,2.857
2019-03-20,186.16978454589844,25745.669921875,1223.969970703125,2.41,2.857
2019-03-21,193.02645874023438,25962.509765625,1231.5400390625,2.41,2.857
2019-03-22,189.02920532226562,25502.3203125,1205.5,2.41,2.857
2019-03-25,186.74363708496094,25516.830078125,1193.0,2.41,2.857
2019-03-26,184.8142547607422,25657.73046875,1184.6199951171875,2.41,2.857
2019-03-27,186.4764862060547,25625.58984375,1173.02001953125,2.41,2.857
2019-03-28,186.72384643554688,25717.4609375,1168.489990234375,2.41,2.857
2019-03-29,187.9408416748047,25928.6796875,1173.31005859375,2.41,2.857
2019-04-01,189.2172088623047,26258.419921875,1194.4300537109375,2.42,2.857
2019-04-02,191.96780395507812,26179.130859375,1200.489990234375,2.42,2.857
2019-04-03,193.2837371826172,26218.130859375,1205.9200439453125,2.42,2.857
2019-04-04,193.6201171875,26384.630859375,1215.0,2.42,2.857
2019-04-05,194.916259765625,26424.990234375,1207.1500244140625,2.42,2.857
2019-04-08,197.9834747314453,26341.01953125,1203.8399658203125,2.42,2.857
2019-04-09,197.38983154296875,26150.580078125,1197.25,2.42,2.857
2019-04-10,198.4979705810547,26157.16015625,1202.1600341796875,2.42,2.857
2019-04-11,196.84564208984375,26143.05078125,1204.6199951171875,2.42,2.857
2019-04-12,196.76649475097656,26412.30078125,1217.8699951171875,2.42,2.857
2019-04-15,197.1226806640625,26384.76953125,1221.0999755859375,2.42,2.857
2019-04-16,197.14247131347656,26452.66015625,1227.1300048828125,2.42,2.857
2019-04-17,200.9814453125,26449.5390625,1236.3399658203125,2.42,2.857
2019-04-18,201.70372009277344,26559.5390625,1236.3699951171875,2.42,2.857
2019-04-22,202.36663818359375,26511.05078125,1248.8399658203125,2.42,2.857
2019-04-23,205.28541564941406,26656.390625,1264.550048828125,2.42,2.857
2019-04-24,204.96881103515625,26597.05078125,1256.0,2.42,2.857
2019-04-25,203.10870361328125,26462.080078125,1263.449951171875,2.42,2.857
2019-04-26,202.13906860351562,26543.330078125,1272.1800537109375,2.42,2.857
2019-04-29,202.44578552246094,26554.390625,1287.5799560546875,2.42,2.857
2019-04-30,198.54745483398438,26592.91015625,1188.47998046875,2.42,2.857
2019-05-01,208.29327392578125,26430.140625,1168.0799560546875,2.39,2.857
2019-05-02,206.93775939941406,26307.7890625,1162.6099853515625,2.39,2.857
2019-05-03,209.51026916503906,26504.94921875,1185.4000244140625,2.39,2.857
2019-05-06,206.2748565673828,26438.48046875,1189.3900146484375,2.39,2.857
2019-05-07,200.71429443359375,25965.08984375,1174.0999755859375,2.39,2.857
2019-05-08,200.7538604736328,25967.330078125,1166.27001953125,2.39,2.857
2019-05-09,198.596923828125,25828.359375,1162.3800048828125,2.39,2.857
2019-05-10,195.84567260742188,25942.369140625,1164.27001953125,2.39,2.857
2019-05-13,184.46324157714844,25324.990234375,1132.030029296875,2.39,2.857
2019-05-14,187.38333129882812,25532.05078125,1120.43994140625,2.39,2.857
2019-05-15,189.62803649902344,25648.01953125,1164.2099609375,2.39,2.857
2019-05-16,188.79373168945312,25862.6796875,1178.97998046875,2.39,2.857
2019-05-17,187.72103881835938,25764.0,1162.300048828125,2.39,2.857
2019-05-20,181.8510284423828,25679.900390625,1138.8499755859375,2.39,2.857
2019-05-21,185.3372802734375,25877.330078125,1149.6300048828125,2.39,2.857
2019-05-22,181.54312133789062,25776.609375,1151.4200439453125,2.39,2.857
2019-05-23,178.44424438476562,25490.470703125,1140.77001953125,2.39,2.857
2019-05-24,177.7589111328125,25585.689453125,1133.469970703125,2.39,2.857
2019-05-28,177.02391052246094,25347.76953125,1134.1500244140625,2.39,2.857
2019-05-29,176.17965698242188,25126.41015625,1116.4599609375,2.39,2.857
2019-05-30,177.09344482421875,25169.880859375,1117.949951171875,2.39,2.857
2019-05-31,173.8852996826172,24815.0390625,1103.6300048828125,2.39,2.857
2019-06-03,172.1272735595703,24819.779296875,1036.22998046875,2.38,2.857
2019-06-04,178.42437744140625,25332.1796875,1053.050048828125,2.38,2.857
2019-06-05,181.3047332763672,25539.5703125,1042.219970703125,2.38,2.857
2019-06-06,183.96661376953125,25720.66015625,1044.3399658203125,2.38,2.857
2019-06-07,188.86325073242188,25983.939453125,1066.0400390625,2.38,2.857
2019-06-10,191.2768096923828,26062.6796875,1080.3800048828125,2.38,2.857
2019-06-11,193.49171447753906,26048.509765625,1078.719970703125,2.38,2.857
2019-06-12,192.87591552734375,26004.830078125,1077.030029296875,2.38,2.857
2019-06-13,192.83616638183594,26106.76953125,1088.77001953125,2.38,2.857
2019-06-14,191.43572998046875,26089.609375,1085.3499755859375,2.38,2.857
2019-06-17,192.57794189453125,26112.529296875,1092.5,2.38,2.857
2019-06-18,197.10708618164062,26465.5390625,1103.5999755859375,2.38,2.857
2019-06-19,196.531005859375,26504.0,1102.3299560546875,2.38,2.857
2019-06-20,198.11024475097656,26753.169921875,1111.4200439453125,2.38,2.857
2019-06-21,197.43484497070312,26719.130859375,1121.8800048828125,2.38,2.857
2019-06-24,197.2362060546875,26727.5390625,1115.52001953125,2.38,2.857
2019-06-25,194.24658203125,26548.220703125,1086.3499755859375,2.38,2.857
2019-06-26,198.4479522705078,26536.8203125,1079.800048828125,2.38,2.857
2019-06-27,198.38836669921875,26526.580078125,1076.010009765625,2.38,2.857
2019-06-28,196.58065795898438,26599.9609375,1080.9100341796875,2.38,2.857
2019-07-01,200.1861114501953,26717.4296875,1097.949951171875,2.4,2.857
2019-07-02,201.3581085205078,26786.6796875,1111.25,2.4,2.857
2019-07-03,203.02674865722656,26966.0,1121.5799560546875,2.4,2.857
2019-07-05,202.84796142578125,26922.119140625,1131.5899658203125,2.4,2.857
2019-07-08,198.6664581298828,26806.140625,1116.3499755859375,2.4,2.857
2019-07-09,199.8782196044922,26783.490234375,1124.8299560546875,2.4,2.857
2019-07-10,201.854736328125,26860.19921875,1140.47998046875,2.4,2.857
2019-07-11,200.38475036621094,27088.080078125,1144.2099609375,2.4,2.857
2019-07-12,201.9242706298828,27332.029296875,1144.9000244140625,2.4,2.857
2019-07-15,203.82135009765625,27359.16015625,1150.3399658203125,2.4,2.857
2019-07-16,203.1161346435547,27335.630859375,1153.5799560546875,2.4,2.857
2019-07-17,201.9739227294922,27219.849609375,1146.3499755859375,2.4,2.857
2019-07-18,204.26829528808594,27222.970703125,1146.3299560546875,2.4,2.857
2019-07-19,201.2190704345703,27154.19921875,1130.0999755859375,2.4,2.857
2019-07-22,205.81773376464844,27171.900390625,1138.0699462890625,2.4,2.857
2019-07-23,207.4267578125,27349.189453125,1146.2099609375,2.4,2.857
2019-07-24,207.2579345703125,27269.970703125,1137.81005859375,2.4,2.857
2019-07-25,205.6190948486328,27140.98046875,1132.1199951171875,2.4,2.857
2019-07-26,206.33421325683594,27192.44921875,1250.4100341796875,2.4,2.857
2019-07-29,208.26107788085938,27221.349609375,1239.4100341796875,2.4,2.857
2019-07-30,207.36717224121094,27198.01953125,1225.1400146484375,2.4,2.857
2019-07-31,211.59835815429688,26864.26953125,1216.6800537109375,2.4,2.857
2019-08-01,207.01953125,26583.419921875,1209.010009765625,2.13,2.857
2019-08-02,202.63938903808594,26485.009765625,1193.989990234375,2.13,2.857
2019-08-05,192.03164672851562,25717.740234375,1152.3199462890625,2.13,2.857
2019-08-06,195.66688537597656,26029.51953125,1169.949951171875,2.13,2.857
2019-08-07,197.69308471679688,26007.0703125,1173.989990234375,2.13,2.857
2019-08-08,202.05337524414062,26378.189453125,1204.800048828125,2.13,2.857
2019-08-09,200.3883819580078,26287.439453125,1188.010009765625,2.13,2.857
2019-08-12,199.87989807128906,25896.439453125,1174.7099609375,2.13,2.857
2019-08-13,208.34449768066406,26279.91015625,1197.27001953125,2.13,2.857
2019-08-14,202.1431121826172,25479.419921875,1164.2900390625,2.13,2.857
2019-08-15,201.13613891601562,25579.390625,1167.260009765625,2.13,2.857
2019-08-16,205.8818817138672,25886.009765625,1177.5999755859375,2.13,2.857
2019-08-19,209.72036743164062,26135.7890625,1198.449951171875,2.13,2.857
2019-08-20,209.73033142089844,25962.439453125,1182.68994140625,2.13,2.857
2019-08-21,212.00350952148438,26202.73046875,1191.25,2.13,2.857
2019-08-22,211.8240509033203,26252.240234375,1189.530029296875,2.13,2.857
2019-08-23,202.033447265625,25628.900390625,1151.2900390625,2.13,2.857
2019-08-26,205.87191772460938,25898.830078125,1168.8900146484375,2.13,2.857
2019-08-27,203.54888916015625,25777.900390625,1167.8399658203125,2.13,2.857
2019-08-28,204.914794921875,26036.099609375,1171.02001953125,2.13,2.857
2019-08-29,208.38436889648438,26362.25,1192.8499755859375,2.13,2.857
2019-08-30,208.1151885986328,26403.279296875,1188.0999755859375,2.13,2.857
2019-09-03,205.0842742919922,26118.01953125,1168.3900146484375,2.04,2.857
2019-09-04,208.5638427734375,26355.470703125,1181.4100341796875,2.04,2.857
2019-09-05,212.64158630371094,26728.150390625,1211.3800048828125,2.04,2.857
2019-09-06,212.62164306640625,26797.4609375,1204.9300537109375,2.04,2.857
2019-09-09,213.5289306640625,26835.509765625,1204.4100341796875,2.04,2.857
2019-09-10,216.0513458251953,26909.4296875,1206.0,2.04,2.857
2019-09-11,222.9207305908203,27137.0390625,1220.1700439453125,2.04,2.857
2019-09-12,222.42222595214844,27182.44921875,1234.25,2.04,2.857
2019-09-13,218.09521484375,27219.51953125,1239.56005859375,2.04,2.857
2019-09-16,219.2417755126953,27076.8203125,1231.300048828125,2.04,2.857
2019-09-17,220.0393829345703,27110.80078125,1229.1500244140625,2.04,2.857
2019-09-18,222.1031951904297,27147.080078125,1232.4100341796875,2.04,2.857
2019-09-19,220.29861450195312,27094.7890625,1238.7099609375,2.04,2.857
2019-09-20,217.07826232910156,26935.0703125,1229.9300537109375,2.04,2.857
2019-09-23,218.0653076171875,26949.990234375,1234.030029296875,2.04,2.857
2019-09-24,217.02841186523438,26807.76953125,1218.760009765625,2.04,2.857
2019-09-25,220.36839294433594,26970.7109375,1246.52001953125,2.04,2.857
2019-09-26,219.2318115234375,26891.119140625,1241.3900146484375,2.04,2.857
2019-09-27,218.16502380371094,26820.25,1225.0899658203125,2.04,2.857
2019-09-30,223.29959106445312,26916.830078125,1219.0,2.04,2.857
2019-10-01,223.91773986816406,26573.0390625,1205.0999755859375,1.83,2.857
2019-10-02,218.30459594726562,26078.619140625,1176.6300048828125,1.83,2.857
2019-10-03,220.15902709960938,26201.0390625,1187.8299560546875,1.83,2.857
2019-10-04,226.3304901123047,26573.720703125,1209.0,1.83,2.857
2019-10-07,226.38034057617188,26478.01953125,1207.6800537109375,1.83,2.857
2019-10-08,223.72830200195312,26164.0390625,1189.1300048828125,1.83,2.857
2019-10-09,226.35043334960938,26346.009765625,1202.31005859375,1.83,2.857
2019-10-10,229.40127563476562,26496.669921875,1208.6700439453125,1.83,2.857
2019-10-11,235.50296020507812,26816.58984375,1215.449951171875,1.83,2.857
2019-10-14,235.16397094726562,26787.359375,1217.1400146484375,1.83,2.857
2019-10-15,234.61563110351562,27024.80078125,1243.010009765625,1.83,2.857
2019-10-16,233.66845703125,27001.98046875,1243.6400146484375,1.83,2.857
2019-10-17,234.57574462890625,27025.880859375,1253.0699462890625,1.83,2.857
2019-10-18,235.70236206054688,26770.19921875,1245.489990234375,1.83,2.857
2019-10-21,239.7900848388672,26827.640625,1246.1500244140625,1.83,2.857
2019-10-22,239.2417449951172,26788.099609375,1242.800048828125,1.83,2.857
2019-10-23,242.45208740234375,26833.94921875,1259.1300048828125,1.83,2.857
2019-10-24,242.85089111328125,26805.529296875,1260.989990234375,1.83,2.857
2019-10-25,245.8419189453125,26958.060546875,1265.1300048828125,1.83,2.857
2019-10-28,248.3045196533203,27090.720703125,1290.0,1.83,2.857
2019-10-29,242.56175231933594,27071.4609375,1262.6199951171875,1.83,2.857
2019-10-30,242.53184509277344,27186.689453125,1261.2900390625,1.83,2.857
2019-10-31,248.015380859375,27046.23046875,1260.1099853515625,1.83,2.857
2019-11-01,255.05426025390625,27347.359375,1273.739990234375,1.55,2.857
2019-11-04,256.7292175292969,27462.109375,1291.3699951171875,1.55,2.857
2019-11-05,256.3603515625,27492.630859375,1292.030029296875,1.55,2.857
2019-11-06,256.4700012207031,27492.560546875,1291.800048828125,1.55,2.857
2019-11-07,259.42999267578125,27674.80078125,1308.8599853515625,1.55,2.857
2019-11-08,260.1400146484375,27681.240234375,1311.3699951171875,1.55,2.857
2019-11-11,262.20001220703125,27691.490234375,1299.18994140625,1.55,2.857
2019-11-12,261.9599914550781,27691.490234375,1298.800048828125,1.55,2.857
2019-11-13,264.4700012207031,27783.58984375,1298.0,1.55,2.857
2019-11-14,262.6400146484375,27781.9609375,1311.4599609375,1.55,2.857
2019-11-15,265.760009765625,28004.890625,1334.8699951171875,1.55,2.857
2019-11-18,267.1000061035156,28036.220703125,1320.699951171875,1.55,2.857
2019-11-19,266.2900085449219,27934.01953125,1315.4599609375,1.55,2.857
2019-11-20,263.19000244140625,27821.08984375,1303.050048828125,1.55,2.857
2019-11-21,262.010009765625,27766.2890625,1301.3499755859375,1.55,2.857
2019-11-22,261.7799987792969,27875.619140625,1295.3399658203125,1.55,2.857
2019-11-25,266.3699951171875,28066.470703125,1306.68994140625,1.55,2.857
2019-11-26,264.2900085449219,28121.6796875,1313.550048828125,1.55,2.857
2019-11-27,267.8399963378906,28164.0,1312.989990234375,1.55,2.857
